{"schemaVersion":"1.0","appDefinitionTemplate":{"id":"/providers/Microsoft.PowerApps/apps/","type":"Microsoft.PowerApps/apps","tags":{"primaryDeviceWidth":"1366","primaryDeviceHeight":"768","sienaVersion":"20200609T061005Z-3.20054.18.0","deviceCapabilities":"","supportsPortrait":"false","supportsLandscape":"true","primaryFormFactor":"Tablet","publisherVersion":"3.20054.18","minimumRequiredApiVersion":"2.2.0","hasComponent":"false","hasUnlockedComponent":"false","isUnifiedRootApp":"false"},"properties":{"appVersion":"2020-06-09T06:10:05Z","lifeCycleId":"Published","createdByClientVersion":{"major":3,"minor":20054,"build":18,"revision":0,"majorRevision":0,"minorRevision":0},"minClientVersion":{"major":3,"minor":20054,"build":18,"revision":0,"majorRevision":0,"minorRevision":0},"backgroundColor":"rgba(0, 176, 240, 1)","backgroundImageUri":"/6224601239475203643/Nc186bdb2-a7aa-4221-8d77-41d390f26a8f-logoSmallFile","displayName":"タイムカード","description":"","commitMessage":"","appUris":{"documentUri":{"value":"/6224601239475203643/N5a5a0da1-255f-4edd-9f3c-0890b6b83cb8-document.msapp","readonlyValue":"/6224601239475203643/N5a5a0da1-255f-4edd-9f3c-0890b6b83cb8-document.msapp"},"imageUris":[]},"createdTime":"0001-01-01T00:00:00Z","lastModifiedTime":"0001-01-01T00:00:00Z","sharedGroupsCount":0,"sharedUsersCount":0,"icons":{"smallIconUri":"/6224601239475203643/N0c42eb03-077d-4973-8d15-f9f3ee382ba3-small.png","mediumIconUri":"/6224601239475203643/N5deca54c-ead4-4307-9a5a-8d2177035376-medium.png","largeIconUri":"/6224601239475203643/Nf7f5c9ce-c85d-4723-92a1-d4f265b42031-large.png","wideIconUri":"/6224601239475203643/N57a123f5-2688-4109-95b9-6e6668edfb0c-wide.png"},"connectionReferences":{"c3349d80-a3b6-48fc-b836-0f3c0120fbce":{"id":"b19540f4-b3aa-4e68-ab1c-02997b0c6e4b","displayName":"Excel","iconUri":"https://connectoricons-prod.azureedge.net/excel/icon_1.0.1352.2012.png","dataSources":["出勤履歴","名簿"],"dependencies":["057af901-78b2-458d-95c5-9a52667318f6"],"dependents":[],"parameterHints":{"057af901-78b2-458d-95c5-9a52667318f6":{"value":"fileSource"}},"isOnPremiseConnection":false,"bypassConsent":false,"dataSets":{"1D4819E5213E3567!12488":{"dataSources":{"出勤履歴":{"tableName":"出勤履歴"},"名簿":{"tableName":"名簿"}}}},"apiTier":"Standard","isCustomApiConnection":false},"057af901-78b2-458d-95c5-9a52667318f6":{"id":"f76e4811-884a-48b6-9a5f-db332774ac48","displayName":"OneDrive","iconUri":"https://connectoricons-prod.azureedge.net/onedrive/icon_1.0.1341.1987.png","dataSources":[],"dependencies":[],"dependents":["c3349d80-a3b6-48fc-b836-0f3c0120fbce"],"parameterHints":{},"isOnPremiseConnection":false,"bypassConsent":false,"dataSets":{},"apiTier":"Standard","isCustomApiConnection":false}},"databaseReferences":{},"almMode":"Environment","performanceOptimizationEnabled":true,"canConsumeAppPass":true},"isAppComponentLibrary":false,"appType":"ClassicCanvasApp","appComponents":[]}}